customer_id,name,segment,region,loyalty_tier
CUST-001,Customer 1,Consumer,North,Platinum
CUST-002,Customer 2,Consumer,East,Gold
CUST-003,Customer 3,Enterprise,South,Platinum
CUST-004,Customer 4,Consumer,North,Bronze
CUST-005,Customer 5,Enterprise,North,Platinum
CUST-006,Customer 6,Enterprise,South,Platinum
CUST-007,Customer 7,Consumer,South,Bronze
CUST-008,Customer 8,Enterprise,West,Silver
CUST-009,Customer 9,Enterprise,South,Bronze
CUST-010,Customer 10,SMB,East,Gold
CUST-011,Customer 11,Enterprise,East,Platinum
CUST-012,Customer 12,Enterprise,West,Platinum
CUST-013,Customer 13,SMB,East,Silver
CUST-014,Customer 14,Enterprise,West,Platinum
CUST-015,Customer 15,SMB,North,Silver
CUST-016,Customer 16,Consumer,East,Gold
CUST-017,Customer 17,Consumer,North,Platinum
CUST-018,Customer 18,Consumer,South,Silver
CUST-019,Customer 19,Enterprise,South,Platinum
CUST-020,Customer 20,SMB,East,Bronze
CUST-021,Customer 21,Consumer,East,Gold
CUST-022,Customer 22,SMB,East,Gold
CUST-023,Customer 23,Consumer,East,Platinum
CUST-024,Customer 24,Consumer,South,Gold
CUST-025,Customer 25,Enterprise,West,Bronze
CUST-026,Customer 26,SMB,South,Silver
CUST-027,Customer 27,Enterprise,South,Platinum
CUST-028,Customer 28,SMB,West,Silver
CUST-029,Customer 29,Enterprise,South,Silver
CUST-030,Customer 30,Enterprise,West,Bronze
CUST-031,Customer 31,Consumer,West,Gold
CUST-032,Customer 32,SMB,South,Gold
CUST-033,Customer 33,Consumer,East,Bronze
CUST-034,Customer 34,Consumer,West,Silver
CUST-035,Customer 35,Enterprise,South,Bronze
CUST-036,Customer 36,Enterprise,North,Platinum
CUST-037,Customer 37,Enterprise,South,Bronze
CUST-038,Customer 38,Consumer,North,Bronze
CUST-039,Customer 39,SMB,West,Silver
CUST-040,Customer 40,Consumer,North,Platinum
CUST-041,Customer 41,Consumer,East,Silver
CUST-042,Customer 42,Enterprise,East,Bronze
CUST-043,Customer 43,Enterprise,West,Platinum
CUST-044,Customer 44,Consumer,East,Gold
CUST-045,Customer 45,Consumer,North,Silver
CUST-046,Customer 46,Consumer,South,Gold
CUST-047,Customer 47,SMB,South,Platinum
CUST-048,Customer 48,Consumer,East,Bronze
CUST-049,Customer 49,Enterprise,North,Silver
CUST-050,Customer 50,SMB,South,Platinum
CUST-051,Customer 51,Enterprise,North,Platinum
CUST-052,Customer 52,Consumer,West,Platinum
CUST-053,Customer 53,Consumer,South,Gold
CUST-054,Customer 54,Consumer,West,Gold
CUST-055,Customer 55,SMB,West,Gold
CUST-056,Customer 56,Consumer,South,Silver
CUST-057,Customer 57,SMB,East,Bronze
CUST-058,Customer 58,Consumer,West,Platinum
CUST-059,Customer 59,Enterprise,South,Platinum
CUST-060,Customer 60,SMB,North,Gold
CUST-061,Customer 61,Consumer,South,Platinum
CUST-062,Customer 62,Enterprise,North,Gold
CUST-063,Customer 63,Enterprise,North,Silver
CUST-064,Customer 64,Enterprise,South,Silver
CUST-065,Customer 65,Consumer,West,Gold
CUST-066,Customer 66,Consumer,South,Bronze
CUST-067,Customer 67,Enterprise,West,Bronze
CUST-068,Customer 68,Enterprise,North,Platinum
CUST-069,Customer 69,Consumer,West,Silver
CUST-070,Customer 70,SMB,West,Bronze
CUST-071,Customer 71,Consumer,North,Platinum
CUST-072,Customer 72,Enterprise,West,Silver
CUST-073,Customer 73,Enterprise,South,Gold
CUST-074,Customer 74,Enterprise,West,Gold
CUST-075,Customer 75,SMB,South,Silver
CUST-076,Customer 76,SMB,South,Platinum
CUST-077,Customer 77,SMB,North,Platinum
CUST-078,Customer 78,Consumer,North,Platinum
CUST-079,Customer 79,Enterprise,South,Bronze
CUST-080,Customer 80,SMB,West,Gold
CUST-081,Customer 81,SMB,North,Gold
CUST-082,Customer 82,SMB,North,Bronze
CUST-083,Customer 83,SMB,West,Silver
CUST-084,Customer 84,SMB,West,Gold
CUST-085,Customer 85,Enterprise,East,Gold
CUST-086,Customer 86,Enterprise,North,Silver
CUST-087,Customer 87,Enterprise,North,Bronze
CUST-088,Customer 88,Consumer,South,Platinum
CUST-089,Customer 89,Consumer,North,Gold
CUST-090,Customer 90,Enterprise,North,Gold
CUST-091,Customer 91,SMB,North,Gold
CUST-092,Customer 92,Consumer,North,Platinum
CUST-093,Customer 93,SMB,East,Silver
CUST-094,Customer 94,Enterprise,East,Gold
CUST-095,Customer 95,SMB,West,Gold
CUST-096,Customer 96,Consumer,East,Bronze
CUST-097,Customer 97,SMB,North,Platinum
CUST-098,Customer 98,SMB,North,Platinum
CUST-099,Customer 99,Consumer,South,Silver
CUST-100,Customer 100,Enterprise,East,Platinum
