date,product_id,opening_stock,units_received,units_sold,closing_stock,is_stock_out
2026-08-01,PROD-001,350,0,8,342,0
2026-08-01,PROD-002,420,0,10,410,0
2026-08-01,PROD-003,300,0,7,293,0
2026-08-01,PROD-004,250,0,4,246,0
2026-08-01,PROD-005,200,0,4,196,0
2026-08-02,PROD-001,342,0,8,334,0
2026-08-02,PROD-002,410,0,10,400,0
2026-08-02,PROD-003,293,0,7,286,0
2026-08-02,PROD-004,246,0,4,242,0
2026-08-02,PROD-005,196,0,4,192,0
2026-08-03,PROD-001,334,0,8,326,0
2026-08-03,PROD-002,400,0,10,390,0
2026-08-03,PROD-003,286,0,7,279,0
2026-08-03,PROD-004,242,0,4,238,0
2026-08-03,PROD-005,192,0,4,188,0
2026-08-04,PROD-001,326,0,8,318,0
2026-08-04,PROD-002,390,0,10,380,0
2026-08-04,PROD-003,279,0,7,272,0
2026-08-04,PROD-004,238,0,4,234,0
2026-08-04,PROD-005,188,0,4,184,0
2026-08-05,PROD-001,318,0,8,310,0
2026-08-05,PROD-002,380,0,10,370,0
2026-08-05,PROD-003,272,0,7,265,0
2026-08-05,PROD-004,234,0,4,230,0
2026-08-05,PROD-005,184,0,4,180,0
2026-08-06,PROD-001,310,0,8,302,0
2026-08-06,PROD-002,370,0,10,360,0
2026-08-06,PROD-003,265,0,7,258,0
2026-08-06,PROD-004,230,0,4,226,0
2026-08-06,PROD-005,180,0,4,176,0
2026-08-07,PROD-001,302,0,8,294,0
2026-08-07,PROD-002,360,0,10,350,0
2026-08-07,PROD-003,258,0,7,251,0
2026-08-07,PROD-004,226,0,4,222,0
2026-08-07,PROD-005,176,0,4,172,0
2026-08-08,PROD-001,294,0,8,286,0
2026-08-08,PROD-002,350,0,10,340,0
2026-08-08,PROD-003,251,0,7,244,0
2026-08-08,PROD-004,222,0,3,219,0
2026-08-08,PROD-005,172,0,4,168,0
2026-08-09,PROD-001,286,0,8,278,0
2026-08-09,PROD-002,340,0,10,330,0
2026-08-09,PROD-003,244,0,7,237,0
2026-08-09,PROD-004,219,0,3,216,0
2026-08-09,PROD-005,168,0,4,164,0
2026-08-10,PROD-001,278,0,8,270,0
2026-08-10,PROD-002,330,0,10,320,0
2026-08-10,PROD-003,237,0,7,230,0
2026-08-10,PROD-004,216,0,3,213,0
2026-08-10,PROD-005,164,0,4,160,0
2026-08-11,PROD-001,270,0,8,262,0
2026-08-11,PROD-002,320,0,10,310,0
2026-08-11,PROD-003,230,0,7,223,0
2026-08-11,PROD-004,213,0,3,210,0
2026-08-11,PROD-005,160,0,4,156,0
2026-08-12,PROD-001,262,0,8,254,0
2026-08-12,PROD-002,310,0,10,300,0
2026-08-12,PROD-003,223,0,7,216,0
2026-08-12,PROD-004,210,0,3,207,0
2026-08-12,PROD-005,156,0,4,152,0
2026-08-13,PROD-001,254,0,8,246,0
2026-08-13,PROD-002,300,0,10,290,0
2026-08-13,PROD-003,216,0,7,209,0
2026-08-13,PROD-004,207,0,3,204,0
2026-08-13,PROD-005,152,0,4,148,0
2026-08-14,PROD-001,246,0,8,238,0
2026-08-14,PROD-002,290,0,10,280,0
2026-08-14,PROD-003,209,0,7,202,0
2026-08-14,PROD-004,204,0,3,201,0
2026-08-14,PROD-005,148,0,4,144,0
2026-08-15,PROD-001,238,200,8,430,0
2026-08-15,PROD-002,280,200,10,470,0
2026-08-15,PROD-003,202,200,6,396,0
2026-08-15,PROD-004,201,200,3,398,0
2026-08-15,PROD-005,144,200,4,340,0
2026-08-16,PROD-001,430,0,8,422,0
2026-08-16,PROD-002,470,0,10,460,0
2026-08-16,PROD-003,396,0,6,390,0
2026-08-16,PROD-004,398,0,3,395,0
2026-08-16,PROD-005,340,0,4,336,0
2026-08-17,PROD-001,422,0,8,414,0
2026-08-17,PROD-002,460,0,10,450,0
2026-08-17,PROD-003,390,0,6,384,0
2026-08-17,PROD-004,395,0,3,392,0
2026-08-17,PROD-005,336,0,4,332,0
2026-08-18,PROD-001,414,0,8,406,0
2026-08-18,PROD-002,450,0,10,440,0
2026-08-18,PROD-003,384,0,6,378,0
2026-08-18,PROD-004,392,0,3,389,0
2026-08-18,PROD-005,332,0,4,328,0
2026-08-19,PROD-001,406,0,8,398,0
2026-08-19,PROD-002,440,0,10,430,0
2026-08-19,PROD-003,378,0,6,372,0
2026-08-19,PROD-004,389,0,3,386,0
2026-08-19,PROD-005,328,0,4,324,0
2026-08-20,PROD-001,398,0,7,391,0
2026-08-20,PROD-002,430,0,10,420,0
2026-08-20,PROD-003,372,0,6,366,0
2026-08-20,PROD-004,386,0,3,383,0
2026-08-20,PROD-005,324,0,4,320,0
2026-08-21,PROD-001,391,0,7,384,0
2026-08-21,PROD-002,420,0,10,410,0
2026-08-21,PROD-003,366,0,6,360,0
2026-08-21,PROD-004,383,0,3,380,0
2026-08-21,PROD-005,320,0,4,316,0
2026-08-22,PROD-001,384,0,7,377,0
2026-08-22,PROD-002,410,0,9,401,0
2026-08-22,PROD-003,360,0,6,354,0
2026-08-22,PROD-004,380,0,3,377,0
2026-08-22,PROD-005,316,0,4,312,0
2026-08-23,PROD-001,377,0,7,370,0
2026-08-23,PROD-002,401,0,9,392,0
2026-08-23,PROD-003,354,0,6,348,0
2026-08-23,PROD-004,377,0,3,374,0
2026-08-23,PROD-005,312,0,4,308,0
2026-08-24,PROD-001,370,0,7,363,0
2026-08-24,PROD-002,392,0,9,383,0
2026-08-24,PROD-003,348,0,6,342,0
2026-08-24,PROD-004,374,0,3,371,0
2026-08-24,PROD-005,308,0,4,304,0
2026-08-25,PROD-001,363,0,7,356,0
2026-08-25,PROD-002,383,0,9,374,0
2026-08-25,PROD-003,342,0,6,336,0
2026-08-25,PROD-004,371,0,3,368,0
2026-08-25,PROD-005,304,0,4,300,0
2026-08-26,PROD-001,356,0,7,349,0
2026-08-26,PROD-002,374,0,9,365,0
2026-08-26,PROD-003,336,0,6,330,0
2026-08-26,PROD-004,368,0,3,365,0
2026-08-26,PROD-005,300,0,4,296,0
2026-08-27,PROD-001,349,0,7,342,0
2026-08-27,PROD-002,365,0,9,356,0
2026-08-27,PROD-003,330,0,6,324,0
2026-08-27,PROD-004,365,0,3,362,0
2026-08-27,PROD-005,296,0,4,292,0
2026-08-28,PROD-001,342,0,7,335,0
2026-08-28,PROD-002,356,0,9,347,0
2026-08-28,PROD-003,324,0,6,318,0
2026-08-28,PROD-004,362,0,3,359,0
2026-08-28,PROD-005,292,0,3,289,0
2026-08-29,PROD-001,335,0,7,328,0
2026-08-29,PROD-002,347,0,9,338,0
2026-08-29,PROD-003,318,0,6,312,0
2026-08-29,PROD-004,359,0,3,356,0
2026-08-29,PROD-005,289,0,3,286,0
2026-08-30,PROD-001,328,0,7,321,0
2026-08-30,PROD-002,338,0,9,329,0
2026-08-30,PROD-003,312,0,6,306,0
2026-08-30,PROD-004,356,0,3,353,0
2026-08-30,PROD-005,286,0,3,283,0
2026-08-31,PROD-001,321,0,7,314,0
2026-08-31,PROD-002,329,0,9,320,0
2026-08-31,PROD-003,306,0,6,300,0
2026-08-31,PROD-004,353,0,3,350,0
2026-08-31,PROD-005,283,0,3,280,0
2026-09-01,PROD-001,314,0,8,306,0
2026-09-01,PROD-002,320,250,9,561,0
2026-09-01,PROD-003,300,250,7,543,0
2026-09-01,PROD-004,350,250,6,594,0
2026-09-01,PROD-005,280,250,5,525,0
2026-09-02,PROD-001,306,0,8,298,0
2026-09-02,PROD-002,561,0,9,552,0
2026-09-02,PROD-003,543,0,7,536,0
2026-09-02,PROD-004,594,0,6,588,0
2026-09-02,PROD-005,525,0,5,520,0
2026-09-03,PROD-001,298,0,8,290,0
2026-09-03,PROD-002,552,0,9,543,0
2026-09-03,PROD-003,536,0,7,529,0
2026-09-03,PROD-004,588,0,6,582,0
2026-09-03,PROD-005,520,0,5,515,0
2026-09-04,PROD-001,290,0,8,282,0
2026-09-04,PROD-002,543,0,9,534,0
2026-09-04,PROD-003,529,0,7,522,0
2026-09-04,PROD-004,582,0,6,576,0
2026-09-04,PROD-005,515,0,5,510,0
2026-09-05,PROD-001,282,0,8,274,0
2026-09-05,PROD-002,534,0,9,525,0
2026-09-05,PROD-003,522,0,7,515,0
2026-09-05,PROD-004,576,0,6,570,0
2026-09-05,PROD-005,510,0,5,505,0
2026-09-06,PROD-001,274,0,8,266,0
2026-09-06,PROD-002,525,0,9,516,0
2026-09-06,PROD-003,515,0,7,508,0
2026-09-06,PROD-004,570,0,6,564,0
2026-09-06,PROD-005,505,0,5,500,0
2026-09-07,PROD-001,266,0,8,258,0
2026-09-07,PROD-002,516,0,8,508,0
2026-09-07,PROD-003,508,0,7,501,0
2026-09-07,PROD-004,564,0,6,558,0
2026-09-07,PROD-005,500,0,5,495,0
2026-09-08,PROD-001,258,0,8,250,0
2026-09-08,PROD-002,508,0,8,500,0
2026-09-08,PROD-003,501,0,7,494,0
2026-09-08,PROD-004,558,0,6,552,0
2026-09-08,PROD-005,495,0,5,490,0
2026-09-09,PROD-001,250,0,8,242,0
2026-09-09,PROD-002,500,0,8,492,0
2026-09-09,PROD-003,494,0,7,487,0
2026-09-09,PROD-004,552,0,6,546,0
2026-09-09,PROD-005,490,0,5,485,0
2026-09-10,PROD-001,242,0,7,235,0
2026-09-10,PROD-002,492,0,8,484,0
2026-09-10,PROD-003,487,0,7,480,0
2026-09-10,PROD-004,546,0,6,540,0
2026-09-10,PROD-005,485,0,4,481,0
2026-09-11,PROD-001,235,0,0,0,1
2026-09-11,PROD-002,484,0,8,476,0
2026-09-11,PROD-003,480,0,7,473,0
2026-09-11,PROD-004,540,0,6,534,0
2026-09-11,PROD-005,481,0,4,477,0
2026-09-12,PROD-001,0,0,0,0,1
2026-09-12,PROD-002,476,0,8,468,0
2026-09-12,PROD-003,473,0,7,466,0
2026-09-12,PROD-004,534,0,6,528,0
2026-09-12,PROD-005,477,0,4,473,0
2026-09-13,PROD-001,0,0,0,0,1
2026-09-13,PROD-002,468,0,8,460,0
2026-09-13,PROD-003,466,0,7,459,0
2026-09-13,PROD-004,528,0,6,522,0
2026-09-13,PROD-005,473,0,4,469,0
2026-09-14,PROD-001,0,0,0,0,1
2026-09-14,PROD-002,460,0,8,452,0
2026-09-14,PROD-003,459,0,7,452,0
2026-09-14,PROD-004,522,0,6,516,0
2026-09-14,PROD-005,469,0,4,465,0
2026-09-15,PROD-001,0,0,0,0,1
2026-09-15,PROD-002,452,0,8,444,0
2026-09-15,PROD-003,452,0,7,445,0
2026-09-15,PROD-004,516,0,6,510,0
2026-09-15,PROD-005,465,0,4,461,0
2026-09-16,PROD-001,0,0,0,0,1
2026-09-16,PROD-002,444,0,8,436,0
2026-09-16,PROD-003,445,0,7,438,0
2026-09-16,PROD-004,510,0,6,504,0
2026-09-16,PROD-005,461,0,4,457,0
2026-09-17,PROD-001,0,0,0,0,1
2026-09-17,PROD-002,436,0,8,428,0
2026-09-17,PROD-003,438,0,7,431,0
2026-09-17,PROD-004,504,0,6,498,0
2026-09-17,PROD-005,457,0,4,453,0
2026-09-18,PROD-001,0,0,0,0,1
2026-09-18,PROD-002,428,0,8,420,0
2026-09-18,PROD-003,431,0,7,424,0
2026-09-18,PROD-004,498,0,6,492,0
2026-09-18,PROD-005,453,0,4,449,0
2026-09-19,PROD-001,0,300,7,293,0
2026-09-19,PROD-002,420,0,8,412,0
2026-09-19,PROD-003,424,0,7,417,0
2026-09-19,PROD-004,492,0,5,487,0
2026-09-19,PROD-005,449,0,4,445,0
2026-09-20,PROD-001,293,0,7,286,0
2026-09-20,PROD-002,412,200,8,604,0
2026-09-20,PROD-003,417,200,7,610,0
2026-09-20,PROD-004,487,200,5,682,0
2026-09-20,PROD-005,445,200,4,641,0
2026-09-21,PROD-001,286,0,7,279,0
2026-09-21,PROD-002,604,0,8,596,0
2026-09-21,PROD-003,610,0,7,603,0
2026-09-21,PROD-004,682,0,5,677,0
2026-09-21,PROD-005,641,0,4,637,0
2026-09-22,PROD-001,279,0,7,272,0
2026-09-22,PROD-002,596,0,8,588,0
2026-09-22,PROD-003,603,0,6,597,0
2026-09-22,PROD-004,677,0,5,672,0
2026-09-22,PROD-005,637,0,4,633,0
2026-09-23,PROD-001,272,0,7,265,0
2026-09-23,PROD-002,588,0,8,580,0
2026-09-23,PROD-003,597,0,6,591,0
2026-09-23,PROD-004,672,0,5,667,0
2026-09-23,PROD-005,633,0,4,629,0
2026-09-24,PROD-001,265,0,7,258,0
2026-09-24,PROD-002,580,0,8,572,0
2026-09-24,PROD-003,591,0,6,585,0
2026-09-24,PROD-004,667,0,5,662,0
2026-09-24,PROD-005,629,0,4,625,0
2026-09-25,PROD-001,258,0,7,251,0
2026-09-25,PROD-002,572,0,8,564,0
2026-09-25,PROD-003,585,0,6,579,0
2026-09-25,PROD-004,662,0,5,657,0
2026-09-25,PROD-005,625,0,4,621,0
2026-09-26,PROD-001,251,0,7,244,0
2026-09-26,PROD-002,564,0,8,556,0
2026-09-26,PROD-003,579,0,6,573,0
2026-09-26,PROD-004,657,0,5,652,0
2026-09-26,PROD-005,621,0,4,617,0
2026-09-27,PROD-001,244,0,7,237,0
2026-09-27,PROD-002,556,0,8,548,0
2026-09-27,PROD-003,573,0,6,567,0
2026-09-27,PROD-004,652,0,5,647,0
2026-09-27,PROD-005,617,0,4,613,0
2026-09-28,PROD-001,237,0,7,230,0
2026-09-28,PROD-002,548,0,8,540,0
2026-09-28,PROD-003,567,0,6,561,0
2026-09-28,PROD-004,647,0,5,642,0
2026-09-28,PROD-005,613,0,4,609,0
2026-09-29,PROD-001,230,0,7,223,0
2026-09-29,PROD-002,540,0,8,532,0
2026-09-29,PROD-003,561,0,6,555,0
2026-09-29,PROD-004,642,0,5,637,0
2026-09-29,PROD-005,609,0,4,605,0
2026-09-30,PROD-001,223,0,7,216,0
2026-09-30,PROD-002,532,0,8,524,0
2026-09-30,PROD-003,555,0,6,549,0
2026-09-30,PROD-004,637,0,5,632,0
2026-09-30,PROD-005,605,0,4,601,0
