date,product_id,channel,spend,impressions,clicks,conversions
2026-08-01,PROD-001,LinkedIn,141.55,2825,113,4
2026-08-01,PROD-002,LinkedIn,144.69,2875,115,4
2026-08-01,PROD-003,Google Ads,146.39,2925,117,4
2026-08-01,PROD-004,Meta Ads,142.77,2850,114,4
2026-08-01,PROD-005,Meta Ads,147.66,2950,118,4
2026-08-02,PROD-001,Google Ads,154.13,3075,123,4
2026-08-02,PROD-002,LinkedIn,148.3,2950,118,4
2026-08-02,PROD-003,Newsletter,150.85,3000,120,4
2026-08-02,PROD-004,Newsletter,141.25,2800,112,4
2026-08-02,PROD-005,Google Ads,147.79,2950,118,4
2026-08-03,PROD-001,Newsletter,157.13,3125,125,5
2026-08-03,PROD-002,LinkedIn,149.54,2975,119,4
2026-08-03,PROD-003,Newsletter,145.97,2900,116,4
2026-08-03,PROD-004,Newsletter,157.07,3125,125,5
2026-08-03,PROD-005,Meta Ads,150.76,3000,120,4
2026-08-04,PROD-001,LinkedIn,149.76,2975,119,4
2026-08-04,PROD-002,Google Ads,148.72,2950,118,4
2026-08-04,PROD-003,Newsletter,147.78,2950,118,4
2026-08-04,PROD-004,Newsletter,154.48,3075,123,4
2026-08-04,PROD-005,Google Ads,158.39,3150,126,5
2026-08-05,PROD-001,Google Ads,158.14,3150,126,5
2026-08-05,PROD-002,Newsletter,141.68,2825,113,4
2026-08-05,PROD-003,Newsletter,142.71,2850,114,4
2026-08-05,PROD-004,LinkedIn,143.63,2850,114,4
2026-08-05,PROD-005,Meta Ads,147.58,2950,118,4
2026-08-06,PROD-001,LinkedIn,149.09,2975,119,4
2026-08-06,PROD-002,Newsletter,155.22,3100,124,4
2026-08-06,PROD-003,Newsletter,145.57,2900,116,4
2026-08-06,PROD-004,Google Ads,145.05,2900,116,4
2026-08-06,PROD-005,Google Ads,149.41,2975,119,4
2026-08-07,PROD-001,LinkedIn,160.0,3175,127,5
2026-08-07,PROD-002,Google Ads,144.48,2875,115,4
2026-08-07,PROD-003,Google Ads,155.62,3100,124,4
2026-08-07,PROD-004,Meta Ads,155.08,3100,124,4
2026-08-07,PROD-005,Google Ads,143.99,2875,115,4
2026-08-08,PROD-001,Meta Ads,152.43,3025,121,4
2026-08-08,PROD-002,Google Ads,142.52,2850,114,4
2026-08-08,PROD-003,Meta Ads,151.28,3025,121,4
2026-08-08,PROD-004,LinkedIn,149.3,2975,119,4
2026-08-08,PROD-005,Meta Ads,155.34,3100,124,4
2026-08-09,PROD-001,Google Ads,152.12,3025,121,4
2026-08-09,PROD-002,Meta Ads,155.56,3100,124,4
2026-08-09,PROD-003,Google Ads,159.29,3175,127,5
2026-08-09,PROD-004,LinkedIn,151.57,3025,121,4
2026-08-09,PROD-005,Newsletter,151.52,3025,121,4
2026-08-10,PROD-001,Meta Ads,147.93,2950,118,4
2026-08-10,PROD-002,Meta Ads,141.52,2825,113,4
2026-08-10,PROD-003,LinkedIn,142.04,2825,113,4
2026-08-10,PROD-004,Google Ads,157.01,3125,125,5
2026-08-10,PROD-005,Google Ads,155.92,3100,124,4
2026-08-11,PROD-001,Newsletter,146.94,2925,117,4
2026-08-11,PROD-002,Google Ads,153.23,3050,122,4
2026-08-11,PROD-003,LinkedIn,150.12,3000,120,4
2026-08-11,PROD-004,Newsletter,140.25,2800,112,4
2026-08-11,PROD-005,Google Ads,156.45,3125,125,5
2026-08-12,PROD-001,LinkedIn,148.67,2950,118,4
2026-08-12,PROD-002,Newsletter,152.71,3050,122,4
2026-08-12,PROD-003,Newsletter,154.15,3075,123,4
2026-08-12,PROD-004,LinkedIn,143.52,2850,114,4
2026-08-12,PROD-005,Newsletter,152.32,3025,121,4
2026-08-13,PROD-001,LinkedIn,149.3,2975,119,4
2026-08-13,PROD-002,Meta Ads,146.45,2925,117,4
2026-08-13,PROD-003,Google Ads,156.61,3125,125,5
2026-08-13,PROD-004,Newsletter,145.58,2900,116,4
2026-08-13,PROD-005,Newsletter,144.88,2875,115,4
2026-08-14,PROD-001,Newsletter,151.4,3025,121,4
2026-08-14,PROD-002,Newsletter,146.73,2925,117,4
2026-08-14,PROD-003,Meta Ads,157.02,3125,125,5
2026-08-14,PROD-004,LinkedIn,149.75,2975,119,4
2026-08-14,PROD-005,LinkedIn,155.96,3100,124,4
2026-08-15,PROD-001,LinkedIn,145.59,2900,116,4
2026-08-15,PROD-002,Meta Ads,151.12,3000,120,4
2026-08-15,PROD-003,Newsletter,141.71,2825,113,4
2026-08-15,PROD-004,Meta Ads,149.77,2975,119,4
2026-08-15,PROD-005,Newsletter,153.81,3075,123,4
2026-08-16,PROD-001,Google Ads,148.96,2975,119,4
2026-08-16,PROD-002,Meta Ads,141.86,2825,113,4
2026-08-16,PROD-003,Meta Ads,148.09,2950,118,4
2026-08-16,PROD-004,LinkedIn,146.12,2900,116,4
2026-08-16,PROD-005,LinkedIn,149.47,2975,119,4
2026-08-17,PROD-001,LinkedIn,148.51,2950,118,4
2026-08-17,PROD-002,Newsletter,147.04,2925,117,4
2026-08-17,PROD-003,LinkedIn,145.42,2900,116,4
2026-08-17,PROD-004,Meta Ads,144.61,2875,115,4
2026-08-17,PROD-005,Meta Ads,146.31,2925,117,4
2026-08-18,PROD-001,Newsletter,143.83,2875,115,4
2026-08-18,PROD-002,LinkedIn,145.53,2900,116,4
2026-08-18,PROD-003,Meta Ads,159.61,3175,127,5
2026-08-18,PROD-004,LinkedIn,145.92,2900,116,4
2026-08-18,PROD-005,Google Ads,143.59,2850,114,4
2026-08-19,PROD-001,Meta Ads,154.16,3075,123,4
2026-08-19,PROD-002,Google Ads,145.49,2900,116,4
2026-08-19,PROD-003,Meta Ads,151.07,3000,120,4
2026-08-19,PROD-004,Newsletter,152.76,3050,122,4
2026-08-19,PROD-005,Google Ads,142.05,2825,113,4
2026-08-20,PROD-001,Newsletter,151.48,3025,121,4
2026-08-20,PROD-002,LinkedIn,149.57,2975,119,4
2026-08-20,PROD-003,Google Ads,143.69,2850,114,4
2026-08-20,PROD-004,Newsletter,145.05,2900,116,4
2026-08-20,PROD-005,Google Ads,142.28,2825,113,4
2026-08-21,PROD-001,Google Ads,148.01,2950,118,4
2026-08-21,PROD-002,Google Ads,151.54,3025,121,4
2026-08-21,PROD-003,LinkedIn,143.03,2850,114,4
2026-08-21,PROD-004,Meta Ads,141.7,2825,113,4
2026-08-21,PROD-005,Newsletter,142.37,2825,113,4
2026-08-22,PROD-001,Meta Ads,152.13,3025,121,4
2026-08-22,PROD-002,Newsletter,155.51,3100,124,4
2026-08-22,PROD-003,Newsletter,149.01,2975,119,4
2026-08-22,PROD-004,Newsletter,145.95,2900,116,4
2026-08-22,PROD-005,Google Ads,146.11,2900,116,4
2026-08-23,PROD-001,Google Ads,152.19,3025,121,4
2026-08-23,PROD-002,Meta Ads,158.95,3175,127,5
2026-08-23,PROD-003,LinkedIn,152.51,3050,122,4
2026-08-23,PROD-004,Meta Ads,153.21,3050,122,4
2026-08-23,PROD-005,Google Ads,144.8,2875,115,4
2026-08-24,PROD-001,Newsletter,143.13,2850,114,4
2026-08-24,PROD-002,Newsletter,149.01,2975,119,4
2026-08-24,PROD-003,Meta Ads,145.83,2900,116,4
2026-08-24,PROD-004,LinkedIn,145.76,2900,116,4
2026-08-24,PROD-005,Newsletter,154.06,3075,123,4
2026-08-25,PROD-001,Meta Ads,141.42,2825,113,4
2026-08-25,PROD-002,Meta Ads,158.48,3150,126,5
2026-08-25,PROD-003,Meta Ads,148.5,2950,118,4
2026-08-25,PROD-004,LinkedIn,152.95,3050,122,4
2026-08-25,PROD-005,Google Ads,156.53,3125,125,5
2026-08-26,PROD-001,LinkedIn,141.19,2800,112,4
2026-08-26,PROD-002,LinkedIn,151.9,3025,121,4
2026-08-26,PROD-003,Newsletter,148.78,2975,119,4
2026-08-26,PROD-004,Newsletter,153.77,3075,123,4
2026-08-26,PROD-005,Newsletter,158.85,3175,127,5
2026-08-27,PROD-001,Google Ads,148.76,2975,119,4
2026-08-27,PROD-002,LinkedIn,157.79,3150,126,5
2026-08-27,PROD-003,Google Ads,152.07,3025,121,4
2026-08-27,PROD-004,Google Ads,141.83,2825,113,4
2026-08-27,PROD-005,LinkedIn,159.99,3175,127,5
2026-08-28,PROD-001,Meta Ads,151.52,3025,121,4
2026-08-28,PROD-002,Newsletter,149.41,2975,119,4
2026-08-28,PROD-003,Meta Ads,158.32,3150,126,5
2026-08-28,PROD-004,Newsletter,159.94,3175,127,5
2026-08-28,PROD-005,Newsletter,152.7,3050,122,4
2026-08-29,PROD-001,Newsletter,159.38,3175,127,5
2026-08-29,PROD-002,LinkedIn,146.96,2925,117,4
2026-08-29,PROD-003,Google Ads,146.42,2925,117,4
2026-08-29,PROD-004,LinkedIn,157.15,3125,125,5
2026-08-29,PROD-005,Newsletter,148.23,2950,118,4
2026-08-30,PROD-001,Newsletter,145.76,2900,116,4
2026-08-30,PROD-002,Google Ads,156.27,3125,125,5
2026-08-30,PROD-003,LinkedIn,149.1,2975,119,4
2026-08-30,PROD-004,Google Ads,145.05,2900,116,4
2026-08-30,PROD-005,Newsletter,159.4,3175,127,5
2026-08-31,PROD-001,Google Ads,157.3,3125,125,5
2026-08-31,PROD-002,Newsletter,153.15,3050,122,4
2026-08-31,PROD-003,Meta Ads,148.26,2950,118,4
2026-08-31,PROD-004,Newsletter,150.37,3000,120,4
2026-08-31,PROD-005,Google Ads,152.51,3050,122,4
2026-09-01,PROD-001,Meta Ads,144.07,2875,115,4
2026-09-01,PROD-002,Newsletter,83.55,1650,66,2
2026-09-01,PROD-003,Newsletter,157.62,3150,126,5
2026-09-01,PROD-004,Meta Ads,212.43,4225,169,6
2026-09-01,PROD-005,LinkedIn,154.2,3075,123,4
2026-09-02,PROD-001,Newsletter,151.02,3000,120,4
2026-09-02,PROD-002,Google Ads,66.86,1325,53,2
2026-09-02,PROD-003,Google Ads,149.23,2975,119,4
2026-09-02,PROD-004,Meta Ads,222.95,4450,178,7
2026-09-02,PROD-005,LinkedIn,149.97,2975,119,4
2026-09-03,PROD-001,LinkedIn,150.18,3000,120,4
2026-09-03,PROD-002,Newsletter,73.31,1450,58,2
2026-09-03,PROD-003,Meta Ads,159.6,3175,127,5
2026-09-03,PROD-004,Meta Ads,219.14,4375,175,7
2026-09-03,PROD-005,Meta Ads,147.67,2950,118,4
2026-09-04,PROD-001,LinkedIn,157.28,3125,125,5
2026-09-04,PROD-002,Newsletter,80.45,1600,64,2
2026-09-04,PROD-003,LinkedIn,146.8,2925,117,4
2026-09-04,PROD-004,LinkedIn,226.41,4525,181,7
2026-09-04,PROD-005,Newsletter,154.52,3075,123,4
2026-09-05,PROD-001,Newsletter,157.31,3125,125,5
2026-09-05,PROD-002,LinkedIn,75.77,1500,60,2
2026-09-05,PROD-003,Newsletter,146.65,2925,117,4
2026-09-05,PROD-004,LinkedIn,219.11,4375,175,7
2026-09-05,PROD-005,Meta Ads,157.39,3125,125,5
2026-09-06,PROD-001,Meta Ads,151.44,3025,121,4
2026-09-06,PROD-002,Newsletter,82.12,1625,65,2
2026-09-06,PROD-003,Newsletter,140.87,2800,112,4
2026-09-06,PROD-004,Newsletter,224.1,4475,179,7
2026-09-06,PROD-005,Meta Ads,147.72,2950,118,4
2026-09-07,PROD-001,Google Ads,149.91,2975,119,4
2026-09-07,PROD-002,LinkedIn,67.52,1350,54,2
2026-09-07,PROD-003,Newsletter,157.39,3125,125,5
2026-09-07,PROD-004,Newsletter,211.99,4225,169,6
2026-09-07,PROD-005,Meta Ads,140.31,2800,112,4
2026-09-08,PROD-001,Meta Ads,148.2,2950,118,4
2026-09-08,PROD-002,LinkedIn,66.5,1325,53,2
2026-09-08,PROD-003,Newsletter,146.77,2925,117,4
2026-09-08,PROD-004,LinkedIn,223.0,4450,178,7
2026-09-08,PROD-005,Newsletter,157.05,3125,125,5
2026-09-09,PROD-001,Newsletter,159.08,3175,127,5
2026-09-09,PROD-002,Google Ads,82.45,1625,65,2
2026-09-09,PROD-003,Meta Ads,152.35,3025,121,4
2026-09-09,PROD-004,LinkedIn,222.62,4450,178,7
2026-09-09,PROD-005,Google Ads,159.95,3175,127,5
2026-09-10,PROD-001,Google Ads,148.68,2950,118,4
2026-09-10,PROD-002,Google Ads,80.21,1600,64,2
2026-09-10,PROD-003,LinkedIn,148.87,2975,119,4
2026-09-10,PROD-004,Google Ads,228.07,4550,182,7
2026-09-10,PROD-005,Google Ads,146.49,2925,117,4
2026-09-11,PROD-001,LinkedIn,145.87,2900,116,4
2026-09-11,PROD-002,Meta Ads,73.61,1450,58,2
2026-09-11,PROD-003,Meta Ads,150.62,3000,120,4
2026-09-11,PROD-004,Google Ads,213.4,4250,170,6
2026-09-11,PROD-005,Newsletter,152.19,3025,121,4
2026-09-12,PROD-001,Meta Ads,152.39,3025,121,4
2026-09-12,PROD-002,Meta Ads,74.95,1475,59,2
2026-09-12,PROD-003,LinkedIn,144.64,2875,115,4
2026-09-12,PROD-004,Google Ads,219.19,4375,175,7
2026-09-12,PROD-005,Newsletter,157.98,3150,126,5
2026-09-13,PROD-001,Meta Ads,158.02,3150,126,5
2026-09-13,PROD-002,LinkedIn,66.48,1325,53,2
2026-09-13,PROD-003,LinkedIn,159.75,3175,127,5
2026-09-13,PROD-004,Newsletter,222.78,4450,178,7
2026-09-13,PROD-005,Newsletter,153.81,3075,123,4
2026-09-14,PROD-001,Meta Ads,156.91,3125,125,5
2026-09-14,PROD-002,Newsletter,84.99,1675,67,2
2026-09-14,PROD-003,Newsletter,142.13,2825,113,4
2026-09-14,PROD-004,LinkedIn,221.44,4425,177,7
2026-09-14,PROD-005,LinkedIn,159.85,3175,127,5
2026-09-15,PROD-001,Newsletter,140.44,2800,112,4
2026-09-15,PROD-002,Google Ads,70.49,1400,56,2
2026-09-15,PROD-003,Newsletter,158.21,3150,126,5
2026-09-15,PROD-004,LinkedIn,226.66,4525,181,7
2026-09-15,PROD-005,Meta Ads,155.51,3100,124,4
2026-09-16,PROD-001,LinkedIn,152.14,3025,121,4
2026-09-16,PROD-002,Meta Ads,69.38,1375,55,2
2026-09-16,PROD-003,Meta Ads,152.42,3025,121,4
2026-09-16,PROD-004,Google Ads,222.56,4450,178,7
2026-09-16,PROD-005,Newsletter,146.18,2900,116,4
2026-09-17,PROD-001,LinkedIn,140.67,2800,112,4
2026-09-17,PROD-002,Google Ads,79.65,1575,63,2
2026-09-17,PROD-003,LinkedIn,158.19,3150,126,5
2026-09-17,PROD-004,Meta Ads,224.95,4475,179,7
2026-09-17,PROD-005,LinkedIn,144.02,2875,115,4
2026-09-18,PROD-001,LinkedIn,150.62,3000,120,4
2026-09-18,PROD-002,LinkedIn,81.61,1625,65,2
2026-09-18,PROD-003,Newsletter,158.28,3150,126,5
2026-09-18,PROD-004,LinkedIn,229.35,4575,183,7
2026-09-18,PROD-005,LinkedIn,154.93,3075,123,4
2026-09-19,PROD-001,Newsletter,156.08,3100,124,4
2026-09-19,PROD-002,Meta Ads,84.26,1675,67,2
2026-09-19,PROD-003,Meta Ads,155.08,3100,124,4
2026-09-19,PROD-004,Newsletter,227.2,4525,181,7
2026-09-19,PROD-005,LinkedIn,159.35,3175,127,5
2026-09-20,PROD-001,Newsletter,141.81,2825,113,4
2026-09-20,PROD-002,Google Ads,65.28,1300,52,2
2026-09-20,PROD-003,LinkedIn,149.1,2975,119,4
2026-09-20,PROD-004,LinkedIn,221.69,4425,177,7
2026-09-20,PROD-005,Meta Ads,142.17,2825,113,4
2026-09-21,PROD-001,LinkedIn,149.43,2975,119,4
2026-09-21,PROD-002,Meta Ads,83.31,1650,66,2
2026-09-21,PROD-003,Newsletter,152.95,3050,122,4
2026-09-21,PROD-004,LinkedIn,228.19,4550,182,7
2026-09-21,PROD-005,Google Ads,152.98,3050,122,4
2026-09-22,PROD-001,Google Ads,142.8,2850,114,4
2026-09-22,PROD-002,Newsletter,71.09,1400,56,2
2026-09-22,PROD-003,Meta Ads,142.32,2825,113,4
2026-09-22,PROD-004,Meta Ads,227.75,4550,182,7
2026-09-22,PROD-005,LinkedIn,147.77,2950,118,4
2026-09-23,PROD-001,Newsletter,153.41,3050,122,4
2026-09-23,PROD-002,Meta Ads,76.75,1525,61,2
2026-09-23,PROD-003,Google Ads,157.71,3150,126,5
2026-09-23,PROD-004,Newsletter,226.67,4525,181,7
2026-09-23,PROD-005,LinkedIn,158.78,3175,127,5
2026-09-24,PROD-001,LinkedIn,140.65,2800,112,4
2026-09-24,PROD-002,Newsletter,69.35,1375,55,2
2026-09-24,PROD-003,LinkedIn,159.01,3175,127,5
2026-09-24,PROD-004,LinkedIn,211.99,4225,169,6
2026-09-24,PROD-005,LinkedIn,150.89,3000,120,4
2026-09-25,PROD-001,LinkedIn,141.21,2800,112,4
2026-09-25,PROD-002,Google Ads,68.8,1375,55,2
2026-09-25,PROD-003,Newsletter,158.98,3175,127,5
2026-09-25,PROD-004,Meta Ads,211.83,4225,169,6
2026-09-25,PROD-005,Google Ads,152.83,3050,122,4
2026-09-26,PROD-001,LinkedIn,141.01,2800,112,4
2026-09-26,PROD-002,Meta Ads,69.87,1375,55,2
2026-09-26,PROD-003,Meta Ads,155.74,3100,124,4
2026-09-26,PROD-004,Meta Ads,211.37,4225,169,6
2026-09-26,PROD-005,Meta Ads,151.73,3025,121,4
2026-09-27,PROD-001,Meta Ads,146.57,2925,117,4
2026-09-27,PROD-002,Google Ads,80.77,1600,64,2
2026-09-27,PROD-003,Meta Ads,145.55,2900,116,4
2026-09-27,PROD-004,LinkedIn,229.75,4575,183,7
2026-09-27,PROD-005,Google Ads,155.97,3100,124,4
2026-09-28,PROD-001,Google Ads,153.22,3050,122,4
2026-09-28,PROD-002,LinkedIn,67.64,1350,54,2
2026-09-28,PROD-003,Meta Ads,155.8,3100,124,4
2026-09-28,PROD-004,Google Ads,221.78,4425,177,7
2026-09-28,PROD-005,Google Ads,143.48,2850,114,4
2026-09-29,PROD-001,Newsletter,142.54,2850,114,4
2026-09-29,PROD-002,Google Ads,75.52,1500,60,2
2026-09-29,PROD-003,LinkedIn,149.52,2975,119,4
2026-09-29,PROD-004,Google Ads,220.26,4400,176,7
2026-09-29,PROD-005,Meta Ads,149.04,2975,119,4
2026-09-30,PROD-001,Google Ads,158.91,3175,127,5
2026-09-30,PROD-002,LinkedIn,79.54,1575,63,2
2026-09-30,PROD-003,Google Ads,149.16,2975,119,4
2026-09-30,PROD-004,Newsletter,211.22,4200,168,6
2026-09-30,PROD-005,Newsletter,156.95,3125,125,5
