order_id,order_date,customer_id,product_id,quantity,unit_price,discount,order_value,region,status
ORD-1000,2026-08-01,CUST-032,PROD-001,8,250.0,0.0,2000.0,South,Delivered
ORD-1001,2026-08-01,CUST-048,PROD-002,10,130.0,0.0,1300.0,East,Delivered
ORD-1002,2026-08-01,CUST-037,PROD-003,7,80.0,0.0,560.0,South,Delivered
ORD-1003,2026-08-01,CUST-021,PROD-004,4,100.0,0.0,400.0,East,Delivered
ORD-1004,2026-08-01,CUST-057,PROD-005,4,50.0,0.0,200.0,East,Delivered
ORD-1005,2026-08-02,CUST-070,PROD-001,8,250.0,0.0,2000.0,West,Delivered
ORD-1006,2026-08-02,CUST-091,PROD-002,10,130.0,0.0,1300.0,North,Delivered
ORD-1007,2026-08-02,CUST-039,PROD-003,7,80.0,0.0,560.0,West,Delivered
ORD-1008,2026-08-02,CUST-079,PROD-004,4,100.0,0.0,400.0,South,Delivered
ORD-1009,2026-08-02,CUST-084,PROD-005,4,50.0,0.0,200.0,West,Delivered
ORD-1010,2026-08-03,CUST-068,PROD-001,8,250.0,0.0,2000.0,North,Delivered
ORD-1011,2026-08-03,CUST-002,PROD-002,10,130.0,0.0,1300.0,East,Delivered
ORD-1012,2026-08-03,CUST-086,PROD-003,7,80.0,0.0,560.0,North,Delivered
ORD-1013,2026-08-03,CUST-071,PROD-004,4,100.0,0.0,400.0,North,Delivered
ORD-1014,2026-08-03,CUST-039,PROD-005,4,50.0,0.0,200.0,West,Delivered
ORD-1015,2026-08-04,CUST-085,PROD-001,8,250.0,0.0,2000.0,East,Delivered
ORD-1016,2026-08-04,CUST-014,PROD-002,10,130.0,0.0,1300.0,West,Delivered
ORD-1017,2026-08-04,CUST-018,PROD-003,7,80.0,0.0,560.0,South,Delivered
ORD-1018,2026-08-04,CUST-034,PROD-004,4,100.0,0.0,400.0,West,Delivered
ORD-1019,2026-08-04,CUST-015,PROD-005,4,50.0,0.0,200.0,North,Delivered
ORD-1020,2026-08-05,CUST-014,PROD-001,8,250.0,0.0,2000.0,West,Delivered
ORD-1021,2026-08-05,CUST-096,PROD-002,10,130.0,0.0,1300.0,East,Delivered
ORD-1022,2026-08-05,CUST-071,PROD-003,7,80.0,0.0,560.0,North,Delivered
ORD-1023,2026-08-05,CUST-020,PROD-004,4,100.0,0.0,400.0,East,Delivered
ORD-1024,2026-08-05,CUST-035,PROD-005,4,50.0,0.0,200.0,South,Delivered
ORD-1025,2026-08-06,CUST-037,PROD-001,8,250.0,0.0,2000.0,South,Delivered
ORD-1026,2026-08-06,CUST-078,PROD-002,10,130.0,0.0,1300.0,North,Delivered
ORD-1027,2026-08-06,CUST-027,PROD-003,7,80.0,0.0,560.0,South,Delivered
ORD-1028,2026-08-06,CUST-092,PROD-004,4,100.0,0.0,400.0,North,Delivered
ORD-1029,2026-08-06,CUST-044,PROD-005,4,50.0,0.0,200.0,East,Delivered
ORD-1030,2026-08-07,CUST-027,PROD-001,8,250.0,0.0,2000.0,South,Delivered
ORD-1031,2026-08-07,CUST-088,PROD-002,10,130.0,0.0,1300.0,South,Delivered
ORD-1032,2026-08-07,CUST-082,PROD-003,7,80.0,0.0,560.0,North,Delivered
ORD-1033,2026-08-07,CUST-034,PROD-004,4,100.0,0.0,400.0,West,Delivered
ORD-1034,2026-08-07,CUST-065,PROD-005,4,50.0,0.0,200.0,West,Delivered
ORD-1035,2026-08-08,CUST-063,PROD-001,8,250.0,0.0,2000.0,North,Delivered
ORD-1036,2026-08-08,CUST-033,PROD-002,10,130.0,0.0,1300.0,East,Delivered
ORD-1037,2026-08-08,CUST-007,PROD-003,7,80.0,0.0,560.0,South,Delivered
ORD-1038,2026-08-08,CUST-012,PROD-004,3,100.0,0.0,300.0,West,Delivered
ORD-1039,2026-08-08,CUST-082,PROD-005,4,50.0,0.0,200.0,North,Delivered
ORD-1040,2026-08-09,CUST-055,PROD-001,8,250.0,0.0,2000.0,West,Delivered
ORD-1041,2026-08-09,CUST-036,PROD-002,10,130.0,0.0,1300.0,North,Delivered
ORD-1042,2026-08-09,CUST-006,PROD-003,7,80.0,0.0,560.0,South,Delivered
ORD-1043,2026-08-09,CUST-001,PROD-004,3,100.0,0.0,300.0,North,Delivered
ORD-1044,2026-08-09,CUST-043,PROD-005,4,50.0,0.0,200.0,West,Delivered
ORD-1045,2026-08-10,CUST-099,PROD-001,8,250.0,0.0,2000.0,South,Delivered
ORD-1046,2026-08-10,CUST-017,PROD-002,10,130.0,0.0,1300.0,North,Delivered
ORD-1047,2026-08-10,CUST-082,PROD-003,7,80.0,0.0,560.0,North,Delivered
ORD-1048,2026-08-10,CUST-034,PROD-004,3,100.0,0.0,300.0,West,Delivered
ORD-1049,2026-08-10,CUST-021,PROD-005,4,50.0,0.0,200.0,East,Delivered
ORD-1050,2026-08-11,CUST-095,PROD-001,8,250.0,0.0,2000.0,West,Delivered
ORD-1051,2026-08-11,CUST-057,PROD-002,10,130.0,0.0,1300.0,East,Delivered
ORD-1052,2026-08-11,CUST-071,PROD-003,7,80.0,0.0,560.0,North,Delivered
ORD-1053,2026-08-11,CUST-091,PROD-004,3,100.0,0.0,300.0,North,Delivered
ORD-1054,2026-08-11,CUST-055,PROD-005,4,50.0,0.0,200.0,West,Delivered
ORD-1055,2026-08-12,CUST-072,PROD-001,8,250.0,0.0,2000.0,West,Delivered
ORD-1056,2026-08-12,CUST-002,PROD-002,10,130.0,0.0,1300.0,East,Delivered
ORD-1057,2026-08-12,CUST-015,PROD-003,7,80.0,0.0,560.0,North,Delivered
ORD-1058,2026-08-12,CUST-010,PROD-004,3,100.0,0.0,300.0,East,Delivered
ORD-1059,2026-08-12,CUST-089,PROD-005,4,50.0,0.0,200.0,North,Delivered
ORD-1060,2026-08-13,CUST-020,PROD-001,8,250.0,0.0,2000.0,East,Delivered
ORD-1061,2026-08-13,CUST-070,PROD-002,10,130.0,0.0,1300.0,West,Delivered
ORD-1062,2026-08-13,CUST-005,PROD-003,7,80.0,0.0,560.0,North,Delivered
ORD-1063,2026-08-13,CUST-048,PROD-004,3,100.0,0.0,300.0,East,Delivered
ORD-1064,2026-08-13,CUST-075,PROD-005,4,50.0,0.0,200.0,South,Delivered
ORD-1065,2026-08-14,CUST-071,PROD-001,8,250.0,0.0,2000.0,North,Delivered
ORD-1066,2026-08-14,CUST-019,PROD-002,10,130.0,0.0,1300.0,South,Delivered
ORD-1067,2026-08-14,CUST-056,PROD-003,7,80.0,0.0,560.0,South,Delivered
ORD-1068,2026-08-14,CUST-017,PROD-004,3,100.0,0.0,300.0,North,Delivered
ORD-1069,2026-08-14,CUST-006,PROD-005,4,50.0,0.0,200.0,South,Delivered
ORD-1070,2026-08-15,CUST-040,PROD-001,8,250.0,0.0,2000.0,North,Delivered
ORD-1071,2026-08-15,CUST-047,PROD-002,10,130.0,0.0,1300.0,South,Delivered
ORD-1072,2026-08-15,CUST-006,PROD-003,6,80.0,0.0,480.0,South,Delivered
ORD-1073,2026-08-15,CUST-046,PROD-004,3,100.0,0.0,300.0,South,Delivered
ORD-1074,2026-08-15,CUST-027,PROD-005,4,50.0,0.0,200.0,South,Delivered
ORD-1075,2026-08-16,CUST-088,PROD-001,8,250.0,0.0,2000.0,South,Delivered
ORD-1076,2026-08-16,CUST-032,PROD-002,10,130.0,0.0,1300.0,South,Delivered
ORD-1077,2026-08-16,CUST-086,PROD-003,6,80.0,0.0,480.0,North,Delivered
ORD-1078,2026-08-16,CUST-014,PROD-004,3,100.0,0.0,300.0,West,Delivered
ORD-1079,2026-08-16,CUST-046,PROD-005,4,50.0,0.0,200.0,South,Delivered
ORD-1080,2026-08-17,CUST-100,PROD-001,8,250.0,0.0,2000.0,East,Delivered
ORD-1081,2026-08-17,CUST-072,PROD-002,10,130.0,0.0,1300.0,West,Delivered
ORD-1082,2026-08-17,CUST-053,PROD-003,6,80.0,0.0,480.0,South,Delivered
ORD-1083,2026-08-17,CUST-080,PROD-004,3,100.0,0.0,300.0,West,Delivered
ORD-1084,2026-08-17,CUST-096,PROD-005,4,50.0,0.0,200.0,East,Delivered
ORD-1085,2026-08-18,CUST-020,PROD-001,8,250.0,0.0,2000.0,East,Delivered
ORD-1086,2026-08-18,CUST-031,PROD-002,10,130.0,0.0,1300.0,West,Delivered
ORD-1087,2026-08-18,CUST-021,PROD-003,6,80.0,0.0,480.0,East,Delivered
ORD-1088,2026-08-18,CUST-023,PROD-004,3,100.0,0.0,300.0,East,Delivered
ORD-1089,2026-08-18,CUST-053,PROD-005,4,50.0,0.0,200.0,South,Delivered
ORD-1090,2026-08-19,CUST-004,PROD-001,8,250.0,0.0,2000.0,North,Delivered
ORD-1091,2026-08-19,CUST-023,PROD-002,10,130.0,0.0,1300.0,East,Delivered
ORD-1092,2026-08-19,CUST-095,PROD-003,6,80.0,0.0,480.0,West,Delivered
ORD-1093,2026-08-19,CUST-043,PROD-004,3,100.0,0.0,300.0,West,Delivered
ORD-1094,2026-08-19,CUST-053,PROD-005,4,50.0,0.0,200.0,South,Delivered
ORD-1095,2026-08-20,CUST-086,PROD-001,7,250.0,0.0,1750.0,North,Delivered
ORD-1096,2026-08-20,CUST-095,PROD-002,10,130.0,0.0,1300.0,West,Delivered
ORD-1097,2026-08-20,CUST-032,PROD-003,6,80.0,0.0,480.0,South,Delivered
ORD-1098,2026-08-20,CUST-035,PROD-004,3,100.0,0.0,300.0,South,Delivered
ORD-1099,2026-08-20,CUST-021,PROD-005,4,50.0,0.0,200.0,East,Delivered
ORD-1100,2026-08-21,CUST-090,PROD-001,7,250.0,0.0,1750.0,North,Delivered
ORD-1101,2026-08-21,CUST-014,PROD-002,10,130.0,0.0,1300.0,West,Delivered
ORD-1102,2026-08-21,CUST-049,PROD-003,6,80.0,0.0,480.0,North,Delivered
ORD-1103,2026-08-21,CUST-005,PROD-004,3,100.0,0.0,300.0,North,Delivered
ORD-1104,2026-08-21,CUST-061,PROD-005,4,50.0,0.0,200.0,South,Delivered
ORD-1105,2026-08-22,CUST-029,PROD-001,7,250.0,0.0,1750.0,South,Delivered
ORD-1106,2026-08-22,CUST-026,PROD-002,9,130.0,0.0,1170.0,South,Delivered
ORD-1107,2026-08-22,CUST-059,PROD-003,6,80.0,0.0,480.0,South,Delivered
ORD-1108,2026-08-22,CUST-045,PROD-004,3,100.0,0.0,300.0,North,Delivered
ORD-1109,2026-08-22,CUST-040,PROD-005,4,50.0,0.0,200.0,North,Delivered
ORD-1110,2026-08-23,CUST-030,PROD-001,7,250.0,0.0,1750.0,West,Delivered
ORD-1111,2026-08-23,CUST-029,PROD-002,9,130.0,0.0,1170.0,South,Delivered
ORD-1112,2026-08-23,CUST-004,PROD-003,6,80.0,0.0,480.0,North,Delivered
ORD-1113,2026-08-23,CUST-085,PROD-004,3,100.0,0.0,300.0,East,Delivered
ORD-1114,2026-08-23,CUST-025,PROD-005,4,50.0,0.0,200.0,West,Delivered
ORD-1115,2026-08-24,CUST-052,PROD-001,7,250.0,0.0,1750.0,West,Delivered
ORD-1116,2026-08-24,CUST-043,PROD-002,9,130.0,0.0,1170.0,West,Delivered
ORD-1117,2026-08-24,CUST-036,PROD-003,6,80.0,0.0,480.0,North,Delivered
ORD-1118,2026-08-24,CUST-009,PROD-004,3,100.0,0.0,300.0,South,Delivered
ORD-1119,2026-08-24,CUST-099,PROD-005,4,50.0,0.0,200.0,South,Delivered
ORD-1120,2026-08-25,CUST-036,PROD-001,7,250.0,0.0,1750.0,North,Delivered
ORD-1121,2026-08-25,CUST-045,PROD-002,9,130.0,0.0,1170.0,North,Delivered
ORD-1122,2026-08-25,CUST-083,PROD-003,6,80.0,0.0,480.0,West,Delivered
ORD-1123,2026-08-25,CUST-066,PROD-004,3,100.0,0.0,300.0,South,Delivered
ORD-1124,2026-08-25,CUST-052,PROD-005,4,50.0,0.0,200.0,West,Delivered
ORD-1125,2026-08-26,CUST-087,PROD-001,7,250.0,0.0,1750.0,North,Delivered
ORD-1126,2026-08-26,CUST-069,PROD-002,9,130.0,0.0,1170.0,West,Delivered
ORD-1127,2026-08-26,CUST-043,PROD-003,6,80.0,0.0,480.0,West,Delivered
ORD-1128,2026-08-26,CUST-004,PROD-004,3,100.0,0.0,300.0,North,Delivered
ORD-1129,2026-08-26,CUST-015,PROD-005,4,50.0,0.0,200.0,North,Delivered
ORD-1130,2026-08-27,CUST-034,PROD-001,7,250.0,0.0,1750.0,West,Delivered
ORD-1131,2026-08-27,CUST-023,PROD-002,9,130.0,0.0,1170.0,East,Delivered
ORD-1132,2026-08-27,CUST-075,PROD-003,6,80.0,0.0,480.0,South,Delivered
ORD-1133,2026-08-27,CUST-034,PROD-004,3,100.0,0.0,300.0,West,Delivered
ORD-1134,2026-08-27,CUST-005,PROD-005,4,50.0,0.0,200.0,North,Delivered
ORD-1135,2026-08-28,CUST-014,PROD-001,7,250.0,0.0,1750.0,West,Delivered
ORD-1136,2026-08-28,CUST-077,PROD-002,9,130.0,0.0,1170.0,North,Delivered
ORD-1137,2026-08-28,CUST-056,PROD-003,6,80.0,0.0,480.0,South,Delivered
ORD-1138,2026-08-28,CUST-045,PROD-004,3,100.0,0.0,300.0,North,Delivered
ORD-1139,2026-08-28,CUST-094,PROD-005,3,50.0,0.0,150.0,East,Delivered
ORD-1140,2026-08-29,CUST-041,PROD-001,7,250.0,0.0,1750.0,East,Delivered
ORD-1141,2026-08-29,CUST-056,PROD-002,9,130.0,0.0,1170.0,South,Delivered
ORD-1142,2026-08-29,CUST-078,PROD-003,6,80.0,0.0,480.0,North,Delivered
ORD-1143,2026-08-29,CUST-066,PROD-004,3,100.0,0.0,300.0,South,Delivered
ORD-1144,2026-08-29,CUST-015,PROD-005,3,50.0,0.0,150.0,North,Delivered
ORD-1145,2026-08-30,CUST-050,PROD-001,7,250.0,0.0,1750.0,South,Delivered
ORD-1146,2026-08-30,CUST-074,PROD-002,9,130.0,0.0,1170.0,West,Delivered
ORD-1147,2026-08-30,CUST-025,PROD-003,6,80.0,0.0,480.0,West,Delivered
ORD-1148,2026-08-30,CUST-033,PROD-004,3,100.0,0.0,300.0,East,Delivered
ORD-1149,2026-08-30,CUST-006,PROD-005,3,50.0,0.0,150.0,South,Delivered
ORD-1150,2026-08-31,CUST-091,PROD-001,7,250.0,0.0,1750.0,North,Delivered
ORD-1151,2026-08-31,CUST-056,PROD-002,9,130.0,0.0,1170.0,South,Delivered
ORD-1152,2026-08-31,CUST-001,PROD-003,6,80.0,0.0,480.0,North,Delivered
ORD-1153,2026-08-31,CUST-067,PROD-004,3,100.0,0.0,300.0,West,Delivered
ORD-1154,2026-08-31,CUST-069,PROD-005,3,50.0,0.0,150.0,West,Delivered
ORD-1155,2026-09-01,CUST-088,PROD-001,8,250.0,0.0,2000.0,South,Delivered
ORD-1156,2026-09-01,CUST-093,PROD-002,9,130.0,0.0,1170.0,East,Delivered
ORD-1157,2026-09-01,CUST-095,PROD-003,7,80.0,0.0,560.0,West,Delivered
ORD-1158,2026-09-01,CUST-095,PROD-004,6,100.0,0.0,600.0,West,Delivered
ORD-1159,2026-09-01,CUST-086,PROD-005,5,50.0,0.0,250.0,North,Delivered
ORD-1160,2026-09-02,CUST-026,PROD-001,8,250.0,0.0,2000.0,South,Delivered
ORD-1161,2026-09-02,CUST-047,PROD-002,9,130.0,0.0,1170.0,South,Delivered
ORD-1162,2026-09-02,CUST-056,PROD-003,7,80.0,0.0,560.0,South,Delivered
ORD-1163,2026-09-02,CUST-009,PROD-004,6,100.0,0.0,600.0,South,Delivered
ORD-1164,2026-09-02,CUST-086,PROD-005,5,50.0,0.0,250.0,North,Delivered
ORD-1165,2026-09-03,CUST-043,PROD-001,8,250.0,0.0,2000.0,West,Delivered
ORD-1166,2026-09-03,CUST-080,PROD-002,9,130.0,0.0,1170.0,West,Delivered
ORD-1167,2026-09-03,CUST-041,PROD-003,7,80.0,0.0,560.0,East,Delivered
ORD-1168,2026-09-03,CUST-085,PROD-004,6,100.0,0.0,600.0,East,Delivered
ORD-1169,2026-09-03,CUST-016,PROD-005,5,50.0,0.0,250.0,East,Delivered
ORD-1170,2026-09-04,CUST-093,PROD-001,8,250.0,0.0,2000.0,East,Delivered
ORD-1171,2026-09-04,CUST-039,PROD-002,9,130.0,0.0,1170.0,West,Delivered
ORD-1172,2026-09-04,CUST-065,PROD-003,7,80.0,0.0,560.0,West,Delivered
ORD-1173,2026-09-04,CUST-040,PROD-004,6,100.0,0.0,600.0,North,Delivered
ORD-1174,2026-09-04,CUST-086,PROD-005,5,50.0,0.0,250.0,North,Delivered
ORD-1175,2026-09-05,CUST-053,PROD-001,8,250.0,0.0,2000.0,South,Delivered
ORD-1176,2026-09-05,CUST-042,PROD-002,9,130.0,0.0,1170.0,East,Delivered
ORD-1177,2026-09-05,CUST-052,PROD-003,7,80.0,0.0,560.0,West,Delivered
ORD-1178,2026-09-05,CUST-090,PROD-004,6,100.0,0.0,600.0,North,Delivered
ORD-1179,2026-09-05,CUST-038,PROD-005,5,50.0,0.0,250.0,North,Delivered
ORD-1180,2026-09-06,CUST-071,PROD-001,8,250.0,0.0,2000.0,North,Delivered
ORD-1181,2026-09-06,CUST-017,PROD-002,9,130.0,0.0,1170.0,North,Delivered
ORD-1182,2026-09-06,CUST-025,PROD-003,7,80.0,0.0,560.0,West,Delivered
ORD-1183,2026-09-06,CUST-054,PROD-004,6,100.0,0.0,600.0,West,Delivered
ORD-1184,2026-09-06,CUST-086,PROD-005,5,50.0,0.0,250.0,North,Delivered
ORD-1185,2026-09-07,CUST-049,PROD-001,8,250.0,0.0,2000.0,North,Delivered
ORD-1186,2026-09-07,CUST-087,PROD-002,8,130.0,0.0,1040.0,North,Delivered
ORD-1187,2026-09-07,CUST-096,PROD-003,7,80.0,0.0,560.0,East,Delivered
ORD-1188,2026-09-07,CUST-023,PROD-004,6,100.0,0.0,600.0,East,Delivered
ORD-1189,2026-09-07,CUST-079,PROD-005,5,50.0,0.0,250.0,South,Delivered
ORD-1190,2026-09-08,CUST-073,PROD-001,8,250.0,0.0,2000.0,South,Delivered
ORD-1191,2026-09-08,CUST-039,PROD-002,8,130.0,0.0,1040.0,West,Delivered
ORD-1192,2026-09-08,CUST-052,PROD-003,7,80.0,0.0,560.0,West,Delivered
ORD-1193,2026-09-08,CUST-071,PROD-004,6,100.0,0.0,600.0,North,Delivered
ORD-1194,2026-09-08,CUST-001,PROD-005,5,50.0,0.0,250.0,North,Delivered
ORD-1195,2026-09-09,CUST-039,PROD-001,8,250.0,0.0,2000.0,West,Delivered
ORD-1196,2026-09-09,CUST-037,PROD-002,8,130.0,0.0,1040.0,South,Delivered
ORD-1197,2026-09-09,CUST-027,PROD-003,7,80.0,0.0,560.0,South,Delivered
ORD-1198,2026-09-09,CUST-056,PROD-004,6,100.0,0.0,600.0,South,Delivered
ORD-1199,2026-09-09,CUST-075,PROD-005,5,50.0,0.0,250.0,South,Delivered
ORD-1200,2026-09-10,CUST-078,PROD-001,7,250.0,0.0,1750.0,North,Delivered
ORD-1201,2026-09-10,CUST-084,PROD-002,8,130.0,0.0,1040.0,West,Delivered
ORD-1202,2026-09-10,CUST-042,PROD-003,7,80.0,0.0,560.0,East,Delivered
ORD-1203,2026-09-10,CUST-060,PROD-004,6,100.0,0.0,600.0,North,Delivered
ORD-1204,2026-09-10,CUST-057,PROD-005,4,50.0,0.0,200.0,East,Delivered
ORD-1205,2026-09-11,CUST-057,PROD-002,8,130.0,0.0,1040.0,East,Delivered
ORD-1206,2026-09-11,CUST-087,PROD-003,7,80.0,0.0,560.0,North,Delivered
ORD-1207,2026-09-11,CUST-028,PROD-004,6,100.0,0.0,600.0,West,Delivered
ORD-1208,2026-09-11,CUST-066,PROD-005,4,50.0,0.0,200.0,South,Delivered
ORD-1209,2026-09-12,CUST-061,PROD-002,8,130.0,0.0,1040.0,South,Delivered
ORD-1210,2026-09-12,CUST-095,PROD-003,7,80.0,0.0,560.0,West,Delivered
ORD-1211,2026-09-12,CUST-022,PROD-004,6,100.0,0.0,600.0,East,Delivered
ORD-1212,2026-09-12,CUST-085,PROD-005,4,50.0,0.0,200.0,East,Delivered
ORD-1213,2026-09-13,CUST-011,PROD-002,8,130.0,0.0,1040.0,East,Delivered
ORD-1214,2026-09-13,CUST-037,PROD-003,7,80.0,0.0,560.0,South,Delivered
ORD-1215,2026-09-13,CUST-066,PROD-004,6,100.0,0.0,600.0,South,Delivered
ORD-1216,2026-09-13,CUST-085,PROD-005,4,50.0,0.0,200.0,East,Delivered
ORD-1217,2026-09-14,CUST-082,PROD-002,8,130.0,0.0,1040.0,North,Delivered
ORD-1218,2026-09-14,CUST-080,PROD-003,7,80.0,0.0,560.0,West,Delivered
ORD-1219,2026-09-14,CUST-043,PROD-004,6,100.0,0.0,600.0,West,Delivered
ORD-1220,2026-09-14,CUST-012,PROD-005,4,50.0,0.0,200.0,West,Delivered
ORD-1221,2026-09-15,CUST-097,PROD-002,8,130.0,0.0,1040.0,North,Delivered
ORD-1222,2026-09-15,CUST-031,PROD-003,7,80.0,0.0,560.0,West,Delivered
ORD-1223,2026-09-15,CUST-087,PROD-004,6,100.0,0.0,600.0,North,Delivered
ORD-1224,2026-09-15,CUST-040,PROD-005,4,50.0,0.0,200.0,North,Delivered
ORD-1225,2026-09-16,CUST-029,PROD-002,8,130.0,0.0,1040.0,South,Delivered
ORD-1226,2026-09-16,CUST-026,PROD-003,7,80.0,0.0,560.0,South,Delivered
ORD-1227,2026-09-16,CUST-019,PROD-004,6,100.0,0.0,600.0,South,Delivered
ORD-1228,2026-09-16,CUST-004,PROD-005,4,50.0,0.0,200.0,North,Delivered
ORD-1229,2026-09-17,CUST-006,PROD-002,8,130.0,0.0,1040.0,South,Delivered
ORD-1230,2026-09-17,CUST-032,PROD-003,7,80.0,0.0,560.0,South,Delivered
ORD-1231,2026-09-17,CUST-061,PROD-004,6,100.0,0.0,600.0,South,Delivered
ORD-1232,2026-09-17,CUST-079,PROD-005,4,50.0,0.0,200.0,South,Delivered
ORD-1233,2026-09-18,CUST-099,PROD-002,8,130.0,0.0,1040.0,South,Delivered
ORD-1234,2026-09-18,CUST-010,PROD-003,7,80.0,0.0,560.0,East,Delivered
ORD-1235,2026-09-18,CUST-059,PROD-004,6,100.0,0.0,600.0,South,Delivered
ORD-1236,2026-09-18,CUST-054,PROD-005,4,50.0,0.0,200.0,West,Delivered
ORD-1237,2026-09-19,CUST-081,PROD-001,7,250.0,0.0,1750.0,North,Delivered
ORD-1238,2026-09-19,CUST-074,PROD-002,8,130.0,0.0,1040.0,West,Delivered
ORD-1239,2026-09-19,CUST-025,PROD-003,7,80.0,0.0,560.0,West,Delivered
ORD-1240,2026-09-19,CUST-092,PROD-004,5,100.0,0.0,500.0,North,Delivered
ORD-1241,2026-09-19,CUST-090,PROD-005,4,50.0,0.0,200.0,North,Delivered
ORD-1242,2026-09-20,CUST-050,PROD-001,7,250.0,0.0,1750.0,South,Delivered
ORD-1243,2026-09-20,CUST-064,PROD-002,8,130.0,0.0,1040.0,South,Delivered
ORD-1244,2026-09-20,CUST-052,PROD-003,7,80.0,0.0,560.0,West,Delivered
ORD-1245,2026-09-20,CUST-032,PROD-004,5,100.0,0.0,500.0,South,Delivered
ORD-1246,2026-09-20,CUST-019,PROD-005,4,50.0,0.0,200.0,South,Delivered
ORD-1247,2026-09-21,CUST-084,PROD-001,7,250.0,0.0,1750.0,West,Delivered
ORD-1248,2026-09-21,CUST-089,PROD-002,8,130.0,0.0,1040.0,North,Delivered
ORD-1249,2026-09-21,CUST-001,PROD-003,7,80.0,0.0,560.0,North,Delivered
ORD-1250,2026-09-21,CUST-097,PROD-004,5,100.0,0.0,500.0,North,Delivered
ORD-1251,2026-09-21,CUST-099,PROD-005,4,50.0,0.0,200.0,South,Delivered
ORD-1252,2026-09-22,CUST-014,PROD-001,7,250.0,0.0,1750.0,West,Delivered
ORD-1253,2026-09-22,CUST-100,PROD-002,8,130.0,0.0,1040.0,East,Delivered
ORD-1254,2026-09-22,CUST-055,PROD-003,6,80.0,0.0,480.0,West,Delivered
ORD-1255,2026-09-22,CUST-029,PROD-004,5,100.0,0.0,500.0,South,Delivered
ORD-1256,2026-09-22,CUST-023,PROD-005,4,50.0,0.0,200.0,East,Delivered
ORD-1257,2026-09-23,CUST-090,PROD-001,7,250.0,0.0,1750.0,North,Delivered
ORD-1258,2026-09-23,CUST-067,PROD-002,8,130.0,0.0,1040.0,West,Delivered
ORD-1259,2026-09-23,CUST-060,PROD-003,6,80.0,0.0,480.0,North,Delivered
ORD-1260,2026-09-23,CUST-007,PROD-004,5,100.0,0.0,500.0,South,Delivered
ORD-1261,2026-09-23,CUST-072,PROD-005,4,50.0,0.0,200.0,West,Delivered
ORD-1262,2026-09-24,CUST-032,PROD-001,7,250.0,0.0,1750.0,South,Delivered
ORD-1263,2026-09-24,CUST-016,PROD-002,8,130.0,0.0,1040.0,East,Delivered
ORD-1264,2026-09-24,CUST-059,PROD-003,6,80.0,0.0,480.0,South,Delivered
ORD-1265,2026-09-24,CUST-018,PROD-004,5,100.0,0.0,500.0,South,Delivered
ORD-1266,2026-09-24,CUST-060,PROD-005,4,50.0,0.0,200.0,North,Delivered
ORD-1267,2026-09-25,CUST-086,PROD-001,7,250.0,0.0,1750.0,North,Delivered
ORD-1268,2026-09-25,CUST-068,PROD-002,8,130.0,0.0,1040.0,North,Delivered
ORD-1269,2026-09-25,CUST-072,PROD-003,6,80.0,0.0,480.0,West,Delivered
ORD-1270,2026-09-25,CUST-077,PROD-004,5,100.0,0.0,500.0,North,Delivered
ORD-1271,2026-09-25,CUST-041,PROD-005,4,50.0,0.0,200.0,East,Delivered
ORD-1272,2026-09-26,CUST-097,PROD-001,7,250.0,0.0,1750.0,North,Delivered
ORD-1273,2026-09-26,CUST-057,PROD-002,8,130.0,0.0,1040.0,East,Delivered
ORD-1274,2026-09-26,CUST-079,PROD-003,6,80.0,0.0,480.0,South,Delivered
ORD-1275,2026-09-26,CUST-093,PROD-004,5,100.0,0.0,500.0,East,Delivered
ORD-1276,2026-09-26,CUST-065,PROD-005,4,50.0,0.0,200.0,West,Delivered
ORD-1277,2026-09-27,CUST-055,PROD-001,7,250.0,0.0,1750.0,West,Delivered
ORD-1278,2026-09-27,CUST-071,PROD-002,8,130.0,0.0,1040.0,North,Delivered
ORD-1279,2026-09-27,CUST-058,PROD-003,6,80.0,0.0,480.0,West,Delivered
ORD-1280,2026-09-27,CUST-021,PROD-004,5,100.0,0.0,500.0,East,Delivered
ORD-1281,2026-09-27,CUST-096,PROD-005,4,50.0,0.0,200.0,East,Delivered
ORD-1282,2026-09-28,CUST-061,PROD-001,7,250.0,0.0,1750.0,South,Delivered
ORD-1283,2026-09-28,CUST-058,PROD-002,8,130.0,0.0,1040.0,West,Delivered
ORD-1284,2026-09-28,CUST-034,PROD-003,6,80.0,0.0,480.0,West,Delivered
ORD-1285,2026-09-28,CUST-097,PROD-004,5,100.0,0.0,500.0,North,Delivered
ORD-1286,2026-09-28,CUST-032,PROD-005,4,50.0,0.0,200.0,South,Delivered
ORD-1287,2026-09-29,CUST-082,PROD-001,7,250.0,0.0,1750.0,North,Delivered
ORD-1288,2026-09-29,CUST-036,PROD-002,8,130.0,0.0,1040.0,North,Delivered
ORD-1289,2026-09-29,CUST-099,PROD-003,6,80.0,0.0,480.0,South,Delivered
ORD-1290,2026-09-29,CUST-100,PROD-004,5,100.0,0.0,500.0,East,Delivered
ORD-1291,2026-09-29,CUST-067,PROD-005,4,50.0,0.0,200.0,West,Delivered
ORD-1292,2026-09-30,CUST-063,PROD-001,7,250.0,0.0,1750.0,North,Delivered
ORD-1293,2026-09-30,CUST-081,PROD-002,8,130.0,0.0,1040.0,North,Delivered
ORD-1294,2026-09-30,CUST-031,PROD-003,6,80.0,0.0,480.0,West,Delivered
ORD-1295,2026-09-30,CUST-036,PROD-004,5,100.0,0.0,500.0,North,Delivered
ORD-1296,2026-09-30,CUST-057,PROD-005,4,50.0,0.0,200.0,East,Delivered
